{"cameraMode":{"drawMode":0,"name":"Shaded","section":"Shading Mode"},"sceneLighting":true,"audioPlay":false,"sceneViewState":{"showFog":true,"showMaterialUpdate":true,"showSkybox":true,"showFlares":true,"showImageEffects":true,"showParticleSystems":true},"in2DMode":false,"pivot":{"x":1.226400375366211,"y":-0.48067474365234377,"z":-0.7964792251586914},"rotation":{"x":-0.0831071063876152,"y":0.9109705686569214,"z":-0.22612793743610383,"w":-0.33480221033096316},"size":10.0,"orthographic":false}